-- Seed data for local development
-- Note: Staff user_ids reference auth.users which must be created separately

-- Company
INSERT INTO companies (id, name, contact_email, phone) VALUES
  ('a0000000-0000-0000-0000-000000000001', 'Bellevia', 'info@bellevia.jp', '06-1234-5678');

-- Stores
INSERT INTO stores (id, company_id, name, slug, address, phone, description, is_active) VALUES
  ('b0000000-0000-0000-0000-000000000001', 'a0000000-0000-0000-0000-000000000001',
   'Bellevia 尼崎店', 'amagasaki',
   '兵庫県尼崎市', '06-1111-2222',
   '尼崎エリアで上質なヘアサロン体験を。',
   true),
  ('b0000000-0000-0000-0000-000000000002', 'a0000000-0000-0000-0000-000000000001',
   'Bellevia 西神中央店', 'seishin-chuo',
   '兵庫県神戸市西区', '078-1111-2222',
   '西神中央で、あなたにぴったりのスタイルをご提案します。',
   true);

-- Business hours (normalized)
INSERT INTO store_business_hours (store_id, day_of_week, open_time, close_time) VALUES
  -- 尼崎店
  ('b0000000-0000-0000-0000-000000000001', 0, '10:00', '20:00'), -- Mon
  ('b0000000-0000-0000-0000-000000000001', 1, '10:00', '20:00'), -- Tue
  -- Wed = 定休日 (no record)
  ('b0000000-0000-0000-0000-000000000001', 3, '10:00', '20:00'), -- Thu
  ('b0000000-0000-0000-0000-000000000001', 4, '10:00', '21:00'), -- Fri
  ('b0000000-0000-0000-0000-000000000001', 5, '09:00', '20:00'), -- Sat
  ('b0000000-0000-0000-0000-000000000001', 6, '09:00', '19:00'), -- Sun
  -- 西神中央店
  ('b0000000-0000-0000-0000-000000000002', 0, '10:00', '20:00'),
  ('b0000000-0000-0000-0000-000000000002', 1, '10:00', '20:00'),
  ('b0000000-0000-0000-0000-000000000002', 3, '10:00', '20:00'),
  ('b0000000-0000-0000-0000-000000000002', 4, '10:00', '21:00'),
  ('b0000000-0000-0000-0000-000000000002', 5, '09:00', '20:00'),
  ('b0000000-0000-0000-0000-000000000002', 6, '09:00', '19:00');

-- Menu categories (normalized)
INSERT INTO menu_categories (id, company_id, name, sort_order) VALUES
  ('c0000000-0000-0000-0000-000000000001', 'a0000000-0000-0000-0000-000000000001', 'カット', 1),
  ('c0000000-0000-0000-0000-000000000002', 'a0000000-0000-0000-0000-000000000001', 'カラー', 2),
  ('c0000000-0000-0000-0000-000000000003', 'a0000000-0000-0000-0000-000000000001', 'パーマ', 3),
  ('c0000000-0000-0000-0000-000000000004', 'a0000000-0000-0000-0000-000000000001', 'トリートメント', 4),
  ('c0000000-0000-0000-0000-000000000005', 'a0000000-0000-0000-0000-000000000001', 'スパ', 5);

-- Menus for Amagasaki
INSERT INTO menus (company_id, store_id, name, category_id, description, price, duration_min, is_public, sort_order) VALUES
  ('a0000000-0000-0000-0000-000000000001', 'b0000000-0000-0000-0000-000000000001',
   'カット', 'c0000000-0000-0000-0000-000000000001', 'シャンプー・ブロー込み', 5500, 60, true, 1),
  ('a0000000-0000-0000-0000-000000000001', 'b0000000-0000-0000-0000-000000000001',
   'カット + カラー', 'c0000000-0000-0000-0000-000000000002', 'カット・カラー・シャンプー・ブロー込み', 11000, 120, true, 2),
  ('a0000000-0000-0000-0000-000000000001', 'b0000000-0000-0000-0000-000000000001',
   'カラーのみ', 'c0000000-0000-0000-0000-000000000002', 'リタッチ or フルカラー', 7700, 90, true, 3),
  ('a0000000-0000-0000-0000-000000000001', 'b0000000-0000-0000-0000-000000000001',
   'パーマ', 'c0000000-0000-0000-0000-000000000003', 'カット込み', 13200, 150, true, 4),
  ('a0000000-0000-0000-0000-000000000001', 'b0000000-0000-0000-0000-000000000001',
   'トリートメント', 'c0000000-0000-0000-0000-000000000004', '髪質改善トリートメント', 5500, 45, true, 5),
  ('a0000000-0000-0000-0000-000000000001', 'b0000000-0000-0000-0000-000000000001',
   'ヘッドスパ', 'c0000000-0000-0000-0000-000000000005', 'リラクゼーションヘッドスパ', 4400, 40, true, 6);

-- Menus for Seishin-Chuo
INSERT INTO menus (company_id, store_id, name, category_id, description, price, duration_min, is_public, sort_order) VALUES
  ('a0000000-0000-0000-0000-000000000001', 'b0000000-0000-0000-0000-000000000002',
   'カット', 'c0000000-0000-0000-0000-000000000001', 'シャンプー・ブロー込み', 5500, 60, true, 1),
  ('a0000000-0000-0000-0000-000000000001', 'b0000000-0000-0000-0000-000000000002',
   'カット + カラー', 'c0000000-0000-0000-0000-000000000002', 'カット・カラー・シャンプー・ブロー込み', 11000, 120, true, 2),
  ('a0000000-0000-0000-0000-000000000001', 'b0000000-0000-0000-0000-000000000002',
   'カラーのみ', 'c0000000-0000-0000-0000-000000000002', 'リタッチ or フルカラー', 7700, 90, true, 3),
  ('a0000000-0000-0000-0000-000000000001', 'b0000000-0000-0000-0000-000000000002',
   'パーマ', 'c0000000-0000-0000-0000-000000000003', 'カット込み', 13200, 150, true, 4),
  ('a0000000-0000-0000-0000-000000000001', 'b0000000-0000-0000-0000-000000000002',
   'トリートメント', 'c0000000-0000-0000-0000-000000000004', '髪質改善トリートメント', 5500, 45, true, 5);

-- Sample customers (derived stats removed - computed from reservations)
INSERT INTO customers (company_id, name, name_kana, phone, email, gender, source) VALUES
  ('a0000000-0000-0000-0000-000000000001', '田中 花子', 'タナカ ハナコ', '090-1234-5678', 'tanaka@example.com', 'female', 'web'),
  ('a0000000-0000-0000-0000-000000000001', '佐藤 美咲', 'サトウ ミサキ', '090-2345-6789', 'sato@example.com', 'female', 'hotpepper'),
  ('a0000000-0000-0000-0000-000000000001', '鈴木 太郎', 'スズキ タロウ', '090-3456-7890', 'suzuki@example.com', 'male', 'walk-in');
